<project name="common">

    <!-- note,lwjgl, jme, and jphys must be set prior to importing this file -->
    <!-- set some properties that will be used globally -->
    <property name="lib"		location="${jme_q3}/lib"/>
    <property name="build"		location="${jme_q3}/build"/>

    <!-- The directory for jME -->
    <property name="jme"	    location="/opt/jmonkeyengine"/>
    <!-- The directoryf or jME Physics -->
    <property name="jphys"          location="/opt/jmephysics"/>
    <property name="lwjgl"	    location="/opt/lwjgl-2.0rc1"/>

    <property name="native_linux"	location="${lib}/native/linux:${lwjgl}/native/linux:${jphys}/release/lib"/>
    <property name="native_mac"		location="${lib}/native/mac"/>
    <property name="native_win"		location="${lib}/native/win"/>

    <!-- set the classpath -->
    <path id="project.classpath">
	<!-- Network jars -->
	<pathelement location="${lib}/db/db4o-6.4.38.10595-java5.jar"/>
	<!-- Controller input jars -->
	<pathelement location="${lib}/input/jinput.jar"/>
	<!-- LWJGL jars -->
	<pathelement location="${lwjgl}/jar/lwjgl.jar"/>
	<pathelement location="${lwjgl}/jar/lwjgl_util.jar"/>
	<pathelement location="${lwjgl}/lwjgl_util_applet.jar"/>
	<!-- JME Libs -->
	<pathelement location="${jme}/target/jme.jar"/>
	<pathelement location="${jme}/target/jme-awt.jar"/>
	<pathelement location="${jme}/target/jme-audio.jar"/>
	<pathelement location="${jme}/target/jme-effects.jar"/>
	<pathelement location="${jme}/target/jme-model.jar"/>
	<pathelement location="${jme}/target/jme-terrain.jar"/>
	<pathelement location="${jme}/target/jme-scene.jar"/>
	<pathelement location="${jme}/target/jme-font.jar"/>
	<pathelement location="${jme}/target/jme-gamestates.jar"/>
	<pathelement location="${jme}/target/jmetest.jar"/>
	<!-- JME Physics -->
	<pathelement location="${jphys}/release/jme-physics.jar"/>
	<pathelement location="${jphys}/release/odejava-jni.jar"/>
	<!-- Sounds -->
	<pathelement location="${lib}/sound/joal.jar"/>
	<!--<pathelement location="${jme}/target/jme-audio.jar"/>-->
	<!-- Sending Mail -->
	<pathelement location="${lib}/mail/dsn.jar"/>
	<pathelement location="${lib}/mail/imap.jar"/>
	<pathelement location="${lib}/mail/mailapi.jar"/>
	<pathelement location="${lib}/mail/pop3.jar"/>
	<pathelement location="${lib}/mail/smtp.jar"/>
	<pathelement location="${lib}/mail/activation.jar"/>
	<pathelement location="${build}"/>
    </path>
    <!-- and finally the cp property -->
    <property name="cp" refid="project.classpath"/>
</project>
