<?xml version="1.0" encoding="UTF-8"?>

<!--
    Document   : testStyle.xml
    Created on : June 4, 2010, 4:21 PM
    Author     : Kyle Williams
    Description:
        Purpose of the document follows.
-->

<Style>
    <info characterName="Reino" styleName="testStyle"/>
    <Basic>
            <attackKey button="Attack1" animation="jab" />
            <attackKey button="Attack2" animation="kick" />
            <attackKey button="Attack3" animation="jab" />
            <attackKey button="Attack4" animation="kick" />
            <attackKey button="Jump" animation="jab" />
            <attackKey button="Crouch" animation="jab" />
            <attackKey button="Forward" animation="kick" />
            <attackKey button="Backward" animation="jab" />
            <attackKey button="Great-Idle" animation="idle" />
            <attackKey button="Okay-Idle" animation="idle" />
            <attackKey button="Tired-Idle" animation="idle" />
            <attackKey button="Penance" animation="kick" />
            <attackKey button="Retribution" animation="kick" />
            <attackKey button="Dash" animation="jab" />
    </Basic>
    <combos>
            <combo name="ll">
                    <comboKey  button="Attack1" animation="punch" prevAni="jab" isLast="true"/>
            </combo>
    </combos>
</Style>